{
  "host": "gnn2",
  "t": 1784131936.2851825,
  "hold_s": 20.0,
  "spin_threads": 8,
  "states": [
    {
      "n": 187,
      "cpu_w": 95.9459131817839,
      "gpu_w": 27.553871657754012,
      "state": "idle"
    },
    {
      "n": 187,
      "cpu_w": 125.89528588682401,
      "gpu_w": 27.495903743315505,
      "state": "cpu_spin"
    },
    {
      "n": 52,
      "cpu_w": 100.4725678324798,
      "gpu_w": 68.97375,
      "state": "gpu_compute"
    },
    {
      "n": 186,
      "cpu_w": 114.99490537017927,
      "gpu_w": 34.2262688172043,
      "state": "h2d_copy"
    }
  ]
}