{
  "host": "gnn1",
  "t": 1784131935.683569,
  "hold_s": 20.0,
  "spin_threads": 8,
  "states": [
    {
      "n": 187,
      "cpu_w": 97.04883421278598,
      "gpu_w": 27.465497326203206,
      "state": "idle"
    },
    {
      "n": 187,
      "cpu_w": 126.95438143666688,
      "gpu_w": 27.437401069518717,
      "state": "cpu_spin"
    },
    {
      "n": 65,
      "cpu_w": 102.89960206003514,
      "gpu_w": 68.12206923076924,
      "state": "gpu_compute"
    },
    {
      "n": 186,
      "cpu_w": 114.82499742302251,
      "gpu_w": 33.89426612903226,
      "state": "h2d_copy"
    }
  ]
}