{
  "host": "gnn4",
  "t": 1784131936.3208106,
  "hold_s": 20.0,
  "spin_threads": 8,
  "states": [
    {
      "n": 185,
      "cpu_w": 40.06873150607182,
      "gpu_w": 27.12171891891892,
      "state": "idle"
    },
    {
      "n": 187,
      "cpu_w": 122.68895783783547,
      "gpu_w": 27.124216577540107,
      "state": "cpu_spin"
    },
    {
      "n": 46,
      "cpu_w": 93.07650694505249,
      "gpu_w": 69.04297826086957,
      "state": "gpu_compute"
    },
    {
      "n": 185,
      "cpu_w": 101.9507736236141,
      "gpu_w": 34.12870810810811,
      "state": "h2d_copy"
    }
  ]
}