{
  "host": "gnn3",
  "t": 1784131936.1447694,
  "hold_s": 20.0,
  "spin_threads": 8,
  "states": [
    {
      "n": 186,
      "cpu_w": 98.16259485749264,
      "gpu_w": 26.716852150537633,
      "state": "idle"
    },
    {
      "n": 186,
      "cpu_w": 118.57776852996773,
      "gpu_w": 26.683462365591396,
      "state": "cpu_spin"
    },
    {
      "n": 52,
      "cpu_w": 104.80452082411713,
      "gpu_w": 67.73364423076923,
      "state": "gpu_compute"
    },
    {
      "n": 185,
      "cpu_w": 112.98694039595145,
      "gpu_w": 33.00951891891892,
      "state": "h2d_copy"
    }
  ]
}